{"cameraMode":{"drawMode":0,"name":"Shaded","section":"Shading Mode"},"sceneLighting":true,"audioPlay":false,"sceneViewState":{"showFog":true,"showMaterialUpdate":false,"showSkybox":true,"showFlares":true,"showImageEffects":true,"showParticleSystems":true},"in2DMode":false,"pivot":{"x":0.7155910730361939,"y":0.9291844367980957,"z":-0.6288268566131592},"rotation":{"x":0.00007732183439657092,"y":0.9999563694000244,"z":-0.01231018640100956,"w":0.002983233891427517},"size":1.4990298748016358,"orthographic":false}